<?xml version="1.0" encoding="UTF-8"?>
<databaseChangeLog
        xmlns:xsi="http://www.w3.org/2001/XMLSchema-instance"
        xmlns="http://www.liquibase.org/xml/ns/dbchangelog"
        xsi:schemaLocation="http://www.liquibase.org/xml/ns/dbchangelog
         http://www.liquibase.org/xml/ns/dbchangelog/dbchangelog-3.1.xsd">
    <changeSet id="01" author="Arsentev Petr">
        <createTable tableName="cd_category">
            <column autoIncrement="true" name="id" type="int">
                <constraints unique="true" nullable="false" primaryKey="true"/>
            </column>
            <column name="name" type="varchar(2000)"/>
        </createTable>

        <createTable tableName="cd_topic">
            <column autoIncrement="true" name="id" type="int">
                <constraints unique="true" nullable="false" primaryKey="true"/>
            </column>
            <column name="category_id" type="int">
                <constraints nullable="false" foreignKeyName="fk_category_id" references="cd_category(id)"/>
            </column>
            <column name="name" type="varchar(2000)"/>
            <column name="text" type="text"/>
            <column name="created" type="datetime"/>
            <column name="updated" type="datetime"/>
        </createTable>
    </changeSet>
</databaseChangeLog>
