<?xml version="1.0" encoding="UTF-8"?>
<databaseChangeLog
        xmlns:xsi="http://www.w3.org/2001/XMLSchema-instance"
        xmlns="http://www.liquibase.org/xml/ns/dbchangelog"
        xsi:schemaLocation="http://www.liquibase.org/xml/ns/dbchangelog
         http://www.liquibase.org/xml/ns/dbchangelog/dbchangelog-3.1.xsd">
    <changeSet author="Arsentev Petr" id="02">
        <insert schemaName="public"
                tableName="cd_category">
            <column name="name" value="Java Base"/>
        </insert>
    </changeSet>

    <changeSet id="cat_update" author="Daniil62">
        <addColumn tableName="cd_category">
            <column name="total" type="integer" defaultValue="0"/>
        </addColumn>
    </changeSet>

</databaseChangeLog>
