<?xml version="1.0" encoding="UTF-8"?>
<databaseChangeLog
        xmlns:xsi="http://www.w3.org/2001/XMLSchema-instance"
        xmlns="http://www.liquibase.org/xml/ns/dbchangelog"
        xsi:schemaLocation="http://www.liquibase.org/xml/ns/dbchangelog
         http://www.liquibase.org/xml/ns/dbchangelog/dbchangelog-3.1.xsd">
    <changeSet id="09" author="Arsentev Petr">
        <insert tableName="person">
            <column name="username" value="root"/>
            <column name="email" value="root@checkdev.ru"/>
            <column name="password" value="$2a$12$zD8AMBCfUJrWI0AiY.pwuenlyDscXa/AlC58NlRmUdvkdtrPYWaFS"/>
            <column name="active" value="true"/>
        </insert>

        <insert tableName="role">
            <column name="value" value="ROLE_ADMIN"/>
        </insert>

        <insert tableName="person_role">
            <column name="person_id" value="1"/>
            <column name="role_id" value="1"/>
        </insert>
    </changeSet>
</databaseChangeLog>
